SKU,ImageURL,Title
BK-43007-TDRR,https://cdn.shopify.com/s/files/1/0531/2872/4635/products/3D-FRONT-HH-RottenRomans.png?v=1677153318,Horrible Histories: Rotten Romans
BK-43014-LCAA,https://cdn.shopify.com/s/files/1/0531/2872/4635/products/alices-adventures-in-wonderland-audiobook-front.png?v=1655215502,Alice's Adventures In Wonderland
BK-43021-LMGG,https://cdn.shopify.com/s/files/1/0531/2872/4635/products/anne-of-green-gables-audiobook-front.png?v=1655215653,Anne Of Green Gables
BK-43038-ASBB,https://cdn.shopify.com/s/files/1/0531/2872/4635/products/black-beauty-audiobook-front.png?v=1655216022,Black Beauty
BK-43045-DAGS,https://cdn.shopify.com/s/files/1/0531/2872/4635/products/great-scientists-and-their-discoveries-audiobook-front.png?v=1655216976,Great Scientists And Their Discoveries
BK-43052-JSGT,https://cdn.shopify.com/s/files/1/0531/2872/4635/products/gullivers-travels-audiobook-front.png?v=1655217024,Gulliver's Travels: Retold for Younger Listeners
BK-43069-BFKA,https://cdn.shopify.com/s/files/1/0531/2872/4635/products/king-arthur-audiobook-front.png?v=1655219236,King Arthur And The Knights Of The Round Table
BK-43076-CDOT,https://cdn.shopify.com/s/files/1/0531/2872/4635/products/oliver-twist-audiobook-front.png?v=1655220252,Oliver Twist: Retold For Younger Listeners
BK-43083-JMPP,https://cdn.shopify.com/s/files/1/0531/2872/4635/products/peter-pan-audiobook-front.png?v=1655220303,Peter Pan
BK-43090-CCPI,https://cdn.shopify.com/s/files/1/0531/2872/4635/products/pinocchio-audiobook-front.png?v=1655220337,Pinocchio
BK-43106-BFRH,https://cdn.shopify.com/s/files/1/0531/2872/4635/products/robin-hood-audiobook-front.png?v=1655220456,Robin Hood
BK-43113-DDRC,https://cdn.shopify.com/s/files/1/0531/2872/4635/products/robinson-crusoe-audiobook-front.png?v=1655220524,Robinson Crusoe: Retold for Younger Listeners
BK-43120-EFGL,https://cdn.shopify.com/s/files/1/0531/2872/4635/products/tales-from-the-greek-legends-audiobook-front.png?v=1655220934,Tales From The Greek Legends
BK-43137-MTHF,https://cdn.shopify.com/s/files/1/0531/2872/4635/products/the-adventures-of-huckleberry-finn-audiobook-front.png?v=1655220967,The Adventures Of Huckleberry Finn
BK-43144-MTTS,https://cdn.shopify.com/s/files/1/0531/2872/4635/products/adventures-of-tom-sawyer-audiobook-front.png?v=1655221004,The Adventures Of Tom Sawyer
BK-43151-ELFN,https://cdn.shopify.com/s/files/1/0531/2872/4635/products/the-finest-nonsense-of-edward-lear-audiobook-front.png?v=1655221755,The Finest Nonsense Of Edward Lear (selections)
BK-43168-RKJB,https://cdn.shopify.com/s/files/1/0531/2872/4635/products/the-jungle-book-audiobook-front.png?v=1655221797,The Jungle Book
BK-43175-ENPC,https://cdn.shopify.com/s/files/1/0531/2872/4635/products/the-phoenix-and-the-carpet-audiobook-front.png?v=1655221959,The Phoenix And The Carpet
BK-43182-ENRC,https://cdn.shopify.com/s/files/1/0531/2872/4635/products/the-railway-children-audiobook-front.png?v=1655221999,The Railway Children
BK-43199-FHSG,https://cdn.shopify.com/s/files/1/0531/2872/4635/products/the-secret-garden-audiobook-front.png?v=1655222032,The Secret Garden
BK-43205-HCSQ,https://cdn.shopify.com/s/files/1/0531/2872/4635/products/the-snow-queen-audiobook-front.png?v=1655282366,The Snow Queen & Other Stories
BK-43212-THSS,https://cdn.shopify.com/s/files/1/0531/2872/4635/products/the-sword-in-the-stone-audiobook-front.png?v=1655282448,The Sword In The Stone
BK-43229-KGWW,https://cdn.shopify.com/s/files/1/0531/2872/4635/products/the-wind-in-the-willows-audiobook-front.png?v=1655282557,The Wind In The Willows
BK-43236-FBWO,https://cdn.shopify.com/s/files/1/0531/2872/4635/products/the-wizard-of-oz-audiobook-front.png?v=1655282618,The Wonderful Wizard Of Oz
BK-43243-RLTI,https://cdn.shopify.com/s/files/1/0531/2872/4635/products/treasure-island-audiobook-front.png?v=1655282745,Treasure Island
BK-43250-SCWK,https://cdn.shopify.com/s/files/1/0531/2872/4635/products/what-katy-did-audiobook-front.png?v=1655287705,What Katy Did
BK-43267-EBEW,https://cdn.shopify.com/s/files/1/0531/2872/4635/products/the-enchanted-wood-audiobook-front.png?v=1655284870,The Enchanted Wood
BK-43274-EBMF,https://cdn.shopify.com/s/files/1/0531/2872/4635/products/the-magic-faraway-tree-audiobook-front.png?v=1655284666,The Magic Faraway Tree
BK-43281-EBFF,https://cdn.shopify.com/s/files/1/0531/2872/4635/products/the-folk-of-the-faraway-tree-audiobook-front.png?v=1655284970,The Folk Of The Faraway Tree
BK-43298-EBWC,https://cdn.shopify.com/s/files/1/0531/2872/4635/products/the-adventures-of-the-wishing-chair-audiobook-front.png?v=1655284239,The Adventures Of The Wishing-Chair
BK-43304-EBCA,https://cdn.shopify.com/s/files/1/0531/2872/4635/products/the-wishing-chair-again-audiobook-front.png?v=1655285208,The Wishing Chair Again
BK-43311-EBCS,https://cdn.shopify.com/s/files/1/0531/2872/4635/products/more-wishing-chair-stories-audiobook-front.png?v=1655285283,More Wishing Chair Stories
BK-43328-CKBM,https://cdn.shopify.com/s/files/1/0531/2872/4635/products/bedtime-meditations-for-kids-audiobook-front.png?v=1655215689,Bedtime Meditations For Kids
BK-43335-CKEM,https://cdn.shopify.com/s/files/1/0531/2872/4635/products/enchanted-meditations-for-kids-audiobook-front.png?v=1655216236,Enchanted Meditations For Kids
BK-43342-CKFD,https://cdn.shopify.com/s/files/1/0531/2872/4635/products/mermaids-and-fairy-dust-audiobook-front.png?v=1655219892,Mermaids And Fairy Dust
BK-43359-CKRC,https://cdn.shopify.com/s/files/1/0531/2872/4635/products/rays-of-calm-audiobook-front.png?v=1655220385,Rays Of Calm
BK-43373-HBMC,https://cdn.shopify.com/s/files/1/0531/2872/4635/products/magic-garden-and-magic-castle-audiobook-front.png?v=1655221848,The Magic Garden & The Magic Castle
BK-43380-AMGM,https://cdn.shopify.com/s/files/1/0531/2872/4635/products/get-me-out-of-here-audiobook-front.png?v=1655216888,Get Me Out Of Here!
BK-43397-LSYS,https://cdn.shopify.com/s/files/1/0531/2872/4635/products/can-you-see-me-audiobook-front.png?v=1655216112,Can You See Me?
BK-43403-SMER,https://cdn.shopify.com/s/files/1/0531/2872/4635/products/escape-the-rooms-audiobook-front.png?v=1655216677,Escape The Rooms
BK-43410-BBHC,https://cdn.shopify.com/s/files/1/0531/2872/4635/products/fly-high-crew-audiobook-front.png?v=1655216761,Fly High Crew: The Green Glow
BK-43427-ALML,https://cdn.shopify.com/s/files/1/0531/2872/4635/products/a-mole-like-no-other-audiobook-front.png?v=1655214876,A Mole Like No Other
BK-43434-MBEC,https://cdn.shopify.com/s/files/1/0531/2872/4635/products/ellie-and-the-cat-audiobook-front.png?v=1655216198,Ellie and the Cat
BK-43441-ALSD,https://cdn.shopify.com/s/files/1/0531/2872/4635/products/the-case-of-the-disgusting-school-dinners-audiobook-front.png?v=1655221546,Mina Mistry Investigates: The Case of the Disgusting School Dinners
BK-43458-ALDP,https://cdn.shopify.com/s/files/1/0531/2872/4635/products/the-case-of-the-disappearing-pets-audiobook-front.png?v=1655221471,Mina Mistry Investigates: The Case of the Disappearing Pets
BK-43465-ALBT,https://cdn.shopify.com/s/files/1/0531/2872/4635/products/the-case-of-the-bicycle-thief.png?v=1655221153,Mina Mistry Investigates: The Case of the Bicycle Thief
BK-43489-PMDD,https://cdn.shopify.com/s/files/1/0531/2872/4635/products/a-discovery-disappears-audiobook-front.png?v=1655214715,A Discovery Disappears
BK-43496-PMMM,https://cdn.shopify.com/s/files/1/0531/2872/4635/products/of-mountains-and-motors-audiobook-front.png?v=1655219970,Of Mountains and Motors
BK-43502-ASPL,https://cdn.shopify.com/s/files/1/0531/2872/4635/products/pippi-longstocking-audiobook-front.png?v=1655809310,Pippi Longstocking
BK-43519-AHAR,https://cdn.shopify.com/s/files/1/0531/2872/4635/products/alex-rider-secret-weapon-audiobook-front.png?v=1746438902,Alex Rider : Secret Weapon
BK-43526-RMCS,https://cdn.shopify.com/s/files/1/0531/2872/4635/products/the-chime-seekers-audiobook-front.png?v=1655221618,The Chime Seekers
BK-43533-MLTT,https://cdn.shopify.com/s/files/1/0531/2872/4635/products/twitch-audiobook-front.png?v=1655282881,Twitch
BK-43540-JHOB,https://cdn.shopify.com/s/files/1/0531/2872/4635/products/old-bear-and-friends-audiobook-front.png?v=1655220041,Old Bear and Friends
BK-43557-TTMM,https://cdn.shopify.com/s/files/1/0531/2872/4635/products/malamander-audiobook-front.png?v=1655219721,Malamander
BK-43564-JAOH,https://cdn.shopify.com/s/files/1/0531/2872/4635/products/agents-of-the-wild-audiobook-front.png?v=1655214925,Agents of the Wild: Operation Honeyhunt
BK-43571-GCKN,https://cdn.shopify.com/s/files/1/0531/2872/4635/products/kid-normal-audiobook-front.png?v=1655218988,Kid Normal
BK-43588-MLBB,https://cdn.shopify.com/s/files/1/0531/2872/4635/products/beetle-boy-audiobook-front.png?v=1655215924,Beetle Boy
BK-43595-MELG,https://cdn.shopify.com/s/files/1/0531/2872/4635/products/who-let-the-gods-out-audiobookfront.png?v=1655287238,Who Let the Gods Out?
BK-43601-HRBL,https://cdn.shopify.com/s/files/1/0531/2872/4635/products/the-boy-who-made-everyone-laugh-audiobook-front.png?v=1655221043,The Boy Who Made Everyone Laugh
BK-43618-KTSW,https://cdn.shopify.com/s/files/1/0531/2872/4635/products/sam-wu-is-not-afraid-of-ghosts.png?v=1655220642,Sam Wu is Not Afraid of Ghosts
BK-43625-NFVS,https://cdn.shopify.com/s/files/1/0531/2872/4635/products/voyage-of-the-sparrowhawk-audiobook-front.png?v=1655287117,Voyage of the Sparrowhawk
BK-43632-ZBSC,https://cdn.shopify.com/s/files/1/0531/2872/4635/products/the-shark-caller.png?v=1655222053,The Shark Caller
BK-43649-ASGD,https://cdn.shopify.com/s/files/1/0531/2872/4635/products/the-boy-who-grew-dragons-audiobook-front.png?v=1661346198,The Boy Who Grew Dragons
BK-43656-ASLD,https://cdn.shopify.com/s/files/1/0531/2872/4635/products/the-boy-who-lived-with-dragons-audiobook-front.png?v=1661346398,The Boy Who Lived with Dragons
BK-43663-ASFD,https://cdn.shopify.com/s/files/1/0531/2872/4635/products/the-boy-who-flew-with-dragons-audiobook-front.png?v=1661346049,The Boy Who Flew with Dragons
BK-43670-AMHF,https://cdn.shopify.com/s/files/1/0531/2872/4635/products/hotel-flamingo-audiobook-front.png?v=1661340951,Hotel Flamingo
BK-43687-AMHH,https://cdn.shopify.com/s/files/1/0531/2872/4635/products/holiday-heatwave-audiobook-front.png?v=1661341552,Hotel Flamingo: Holiday Heatwave
BK-43694-AMCC,https://cdn.shopify.com/s/files/1/0531/2872/4635/products/carnival-caper-audiobook-front.png?v=1661341120,Hotel Flamingo: Carnival Caper
BK-43700-AMFF,https://cdn.shopify.com/s/files/1/0531/2872/4635/products/fabulous-feast-audiobook-front.png?v=1661341244,Hotel Flamingo: Fabulous Feast
BK-43717-KHAB,https://cdn.shopify.com/s/files/1/0531/2872/4635/products/cookie-and-the-most-annoying-boy-in-the-world-audiobook-front.png?v=1661340280,Cookie! and the Most Annoying Boy in the World
BK-43724-KHAG,https://cdn.shopify.com/s/files/1/0531/2872/4635/products/cookie-and-the-most-annoying-girl-in-the-world-audiobook-front.png?v=1661340393,Cookie! and the Most Annoying Girl in the World
BK-43731-KHMM,https://cdn.shopify.com/s/files/1/0531/2872/4635/products/cookie-and-the-most-mysterious-mystery-in-the-world-audiobook-front.png?v=1661340530,Cookie! And the Most Mysterious Mystery in the World
BK-43755-ASGA,https://cdn.shopify.com/s/files/1/0531/2872/4635/products/pippi-longstocking-goes-aboard-audiobook-front.png?v=1655809507,Pippi Longstocking Goes Aboard
BK-43762-ASSS,https://cdn.shopify.com/s/files/1/0531/2872/4635/products/pippi-longstocking-in-the-south-seas-audiobook-front.png?v=1655809835,Pippi Longstocking in the South Seas
BK-43786-MMBL,https://cdn.shopify.com/s/files/1/0531/2872/4635/products/the-butterfly-lion-audiobook-front.png?v=1661346626,The Butterfly Lion
BK-43793-MMKK,https://cdn.shopify.com/s/files/1/0531/2872/4635/products/KensukesKingdom-3D-front.png?v=1668176833,Kensuke's Kingdom
BK-43809-IWLW,https://cdn.shopify.com/s/files/1/0531/2872/4635/products/little-wolfs-book-of-badness-audiobook-front.png?v=1661341739,Little Wolf's Book of Badness
BK-43816-LSDL,https://cdn.shopify.com/s/files/1/0531/2872/4635/products/the-dragon-in-the-library-audiobook-front.png?v=1661346716,The Dragon in the Library
BK-43823-DSBS,https://cdn.shopify.com/s/files/1/0531/2872/4635/products/my-brother-is-a-superhero-audiobook-front.png?v=1661341784,My Brother is a Superhero
BK-43830-JJHI,https://cdn.shopify.com/s/files/1/0531/2872/4635/products/heidi-audiobook-front.png?v=1661340853,Heidi
BK-43847-TCSS,https://cdn.shopify.com/s/files/1/0531/2872/4635/products/the-spooky-school-audiobook-front.png?v=1661342097,Shifty McGifty and Slippery Sam: The Spooky School
BK-43854-TCJB,https://cdn.shopify.com/s/files/1/0531/2872/4635/products/jingle-bells-audiobook-front.png?v=1661341935,Shifty McGifty and Slippery Sam: Jingle Bells
BK-43861-ADTM,https://cdn.shopify.com/s/files/1/0531/2872/4635/products/3D-FRONT-The-three-musketeers.png?v=1678724461,The Three Musketeers
BK-43878-VBWT,https://cdn.shopify.com/s/files/1/0531/2872/4635/products/3D-book-render-front-walking-tracks.png?v=1680082058,Walking Tracks
BK-43892-LTWP,https://cdn.shopify.com/s/files/1/0531/2872/4635/products/3D-FRONT-War-and-Peace.png?v=1678724524,War and Peace
BK-43908-JSSR,https://cdn.shopify.com/s/files/1/0531/2872/4635/products/sophia-and-rainbow-audiobook-front.png?v=1661346837,Unicorn Academy: Sophia and Rainbow
BK-43915-TDWS,https://cdn.shopify.com/s/files/1/0531/2872/4635/products/3D-FRONT-HH-WoefulWorldWar.png?v=1677153702,Horrible Histories: Woeful Second World War
BK-43922-TDTT,https://cdn.shopify.com/s/files/1/0531/2872/4635/products/3D-FRONT-HH-TerribleTutors.png?v=1677153377,Horrible Histories: Terrible Tudors
BK-43939-LWHF,https://cdn.shopify.com/s/files/1/0531/2872/4635/products/horrid-and-henry-and-friends-audiobook-front.png?v=1655217055,Horrid Henry and Friends
BK-43946-LWPT,https://cdn.shopify.com/s/files/1/0531/2872/4635/products/horrid-henrys-perfect-pet-tales-audiobook-front.png?v=1655217133,Horrid Henry's Perfect Pet Tales
BK-43953-LWSS,https://cdn.shopify.com/s/files/1/0531/2872/4635/products/horrid-henrys-super-school-stories.png?v=1655217289,Horrid Henry's Super School Stories
BK-43960-TDVV,https://cdn.shopify.com/s/files/1/0531/2872/4635/products/3D-FRONT-HH-VileVictorians.png?v=1677153397,Horrible Histories: Vile Victorians
BK-43977-GSPM,https://cdn.shopify.com/s/files/1/0531/2872/4635/products/3D-FRONT-Pygmalion.png?v=1678724377,Pygmalion
BK-43991-GLRW,https://cdn.shopify.com/s/files/1/0531/2872/4635/products/run-wild-audiobook-front.png?v=1661341872,Run Wild
BK-74046-JMWW,https://cdn.shopify.com/s/files/1/0531/2872/4635/files/3D-FRONT-The-Worst-Witch.png?v=1727706509,The Worst Witch
BK-74053-JMWS,https://cdn.shopify.com/s/files/1/0531/2872/4635/files/3D-FRONT-Worst-Witch-Strikes-Again.png?v=1727706509,The Worst Witch Strikes Again
BK-74060-JMBS,https://cdn.shopify.com/s/files/1/0531/2872/4635/files/3D-FRONT-A-Bad-Spell-Worst-Witch.png?v=1727706509,A Bad Spell for the Worst Witch
BK-74077-TPCM,https://cdn.shopify.com/s/files/1/0531/2872/4635/files/3D-FRONT-The-Colour-of-Magic.png?v=1727788950,The Colour of Magic
BK-74084-TPLF,https://cdn.shopify.com/s/files/1/0531/2872/4635/files/3D-FRONT-The-Light-Fantastic.png?v=1727788955,The Light Fantastic
BK-74091-TPER,https://cdn.shopify.com/s/files/1/0531/2872/4635/files/3D-FRONT-Equal-Rites.png?v=1727788928,Equal Rites
BK-74107-CLAE,https://cdn.shopify.com/s/files/1/0531/2872/4635/files/3D-FRONT-Absolutely-Everything.png?v=1717680278,Absolutely Everything!
BK-74114-LHCC,https://cdn.shopify.com/s/files/1/0531/2872/4635/files/3D-FRONT-Chemistry_Curious_Kids.png?v=1739808172,Chemistry for Curious Kids
BK-74121-LBPC,https://cdn.shopify.com/s/files/1/0531/2872/4635/files/3D-FRONT-Physics_Curious_Kids.png?v=1739808172,Physics for Curious Kids
BK-74138-LBBC,https://cdn.shopify.com/s/files/1/0531/2872/4635/files/3D-FRONT-Biology_Curious_Kids.png?v=1739808172,Biology for Curious Kids
BK-74152-CHEO,https://cdn.shopify.com/s/files/1/0531/2872/4635/files/3D-FRONT-Ella-on-the-Outside.png?v=1722343557,Ella on the Outside
BK-74169-CCLH,https://cdn.shopify.com/s/files/1/0531/2872/4635/files/3D-FRONT-Chain-of-Gold_5031fd74-6dcd-4bb3-a7d2-22707eb2efc7.png?v=1730474475,The Last Hours: Chain of Gold
BK-74176-CCLH,https://cdn.shopify.com/s/files/1/0531/2872/4635/files/3D-FRONT-Chain-of-Thorns_e04ad0b1-5ade-4fcd-94b4-84f3a6d13094.png?v=1730474475,The Last Hours: Chain of Thorns
BK-74183-CCLH,https://cdn.shopify.com/s/files/1/0531/2872/4635/files/3D-FRONT-Chain-of-Iron_bf08046f-bdc0-4477-8c65-7009828fa301.png?v=1730474475,The Last Hours: Chain of Iron
BK-74190-GJYH,https://cdn.shopify.com/s/files/1/0531/2872/4635/files/3D-FRONT-You-Are-History.png?v=1722343668,You Are History
BK-74206-HDPP,https://cdn.shopify.com/s/files/1/0531/2872/4635/files/3D-FRONT-A-Place-Called-Perfect.png?v=1721215171,A Place Called Perfect
BK-74213-HDTP,https://cdn.shopify.com/s/files/1/0531/2872/4635/files/3D-FRONT-The-Trouble-with-Perfect.png?v=1721215171,The Trouble with Perfect
BK-74220-HDBP,https://cdn.shopify.com/s/files/1/0531/2872/4635/files/3D-FRONT-The-Battle-For-Perfect.png?v=1721215171,The Battle for Perfect
BK-74244-CHBA,https://cdn.shopify.com/s/files/1/0531/2872/4635/files/3D-FRONT-Be-Amazing.png?v=1721215408,Be Amazing!
BK-74251-SHDP,https://cdn.shopify.com/s/files/1/0531/2872/4635/files/3D-FRONT-Dave-Pigeon-Nuggets-Current_View.png?v=1722343060,Dave Pigeon: Nuggets!
BK-74268-SHDP,https://cdn.shopify.com/s/files/1/0531/2872/4635/files/3D-FRONT-Dave-Pigeon-Racer.png?v=1722343060,Dave Pigeon: Racer!
BK-74275-SHDP,https://cdn.shopify.com/s/files/1/0531/2872/4635/files/3D-FRONT-Dave-Pigeon-How-to-Current_View.png?v=1722343060,Dave Pigeon: How to Deal with Bad Cats and Keep (most of) Your Feathers
BK-74282-SWBT,https://cdn.shopify.com/s/files/1/0531/2872/4635/files/3D-FRONT-Bust-or-Trust.png?v=1724835268,Bust or Trust
BK-74305-AJTB,https://cdn.shopify.com/s/files/1/0531/2872/4635/files/3D-FRONT-Pages-Co-Bookwanderers.png?v=1724835325,Pages & Co.: Tilly and the Bookwanderers
BK-74312-AJTF,https://cdn.shopify.com/s/files/1/0531/2872/4635/files/3D-FRONT-Pages-Co-Lost-Fairytales.png?v=1724835325,Pages & Co.: Tilly and the Lost Fairy Tales
BK-74329-AJTM,https://cdn.shopify.com/s/files/1/0531/2872/4635/files/3D-FRONT-Pages-Co-3.png?v=1724835325,Pages & Co.: Tilly and the Map of Stories
BK-74336-VABI,https://cdn.shopify.com/s/files/1/0531/2872/4635/files/3D-FRONT-Bing.png?v=1730109340,Bing Playtime Stories and Songs
BK-74381-EBFM,https://cdn.shopify.com/s/files/1/0531/2872/4635/files/3D-FRONT-Five-Minute-Stories.png?v=1729863095,Five-Minute Stories
BK-74398-EBSB,https://cdn.shopify.com/s/files/1/0531/2872/4635/files/3D-FRONT-Stories-for-Bedtime.png?v=1729863095,Stories for Bedtime
BK-74404-EBAJ,https://cdn.shopify.com/s/files/1/0531/2872/4635/files/3D-FRONT-Amelia-Jane.png?v=1729863101,The Amelia Jane Collection
BK-74411-TPAR,https://cdn.shopify.com/s/files/1/0531/2872/4635/files/3D-FRONT-Armistice-Runner.png?v=1739806922,Armistice Runner
BK-74428-TPDD,https://cdn.shopify.com/s/files/1/0531/2872/4635/files/3D-FRONT-D-Day-Dog.png?v=1739806922,D-Day Dog
BK-74442-MBFP,https://cdn.shopify.com/s/files/1/0531/2872/4635/files/3D-FRONT-Funny-Paddington.png?v=1727706687,Funny Paddington Stories
BK-74459-MBMP,https://cdn.shopify.com/s/files/1/0531/2872/4635/files/3D-FRONT-More-Funny-Paddington.png?v=1727706687,More Funny Paddington Stories
BK-74466-ABSS,https://cdn.shopify.com/s/files/1/0531/2872/4635/files/3D-FRONT-Sergio_the_Snail.png?v=1741105082,Sergio the Snail: Eco-Agent
BK-74473-LSLG,https://cdn.shopify.com/s/files/1/0531/2872/4635/files/3D-FRONT-Loki-Being-Good.png?v=1741365286,Loki: A Bad God's Guide to Being Good
BK-74480-LSLB,https://cdn.shopify.com/s/files/1/0531/2872/4635/files/3D-FRONT-Loki-Taking-the-Blame.png?v=1741365286,Loki: A Bad God's Guide to Taking the Blame
BK-74497-LSLR,https://cdn.shopify.com/s/files/1/0531/2872/4635/files/3D-FRONT-Loki-Ruling-the-World.png?v=1741365286,Loki: A Bad God's Guide to Ruling the World
BK-74503-LSLE,https://cdn.shopify.com/s/files/1/0531/2872/4635/files/3D-FRONT-Loki-Making-Enemies.png?v=1741365286,Loki: A Bad God's Guide to Making Enemies
BK-74510-RMIR,https://cdn.shopify.com/s/files/1/0531/2872/4635/files/3D-FRONT-I-am-Rebel.png?v=1743495614,I am Rebel
BK-74527-GCHI,https://cdn.shopify.com/s/files/1/0531/2872/4635/files/3D-FRONT-Homer_s-Illiad.png?v=1743495680,Homer's Iliad and the Odyssey: Two of the Greatest Stories Ever Told
BK-74534-AHAS,https://cdn.shopify.com/s/files/1/0531/2872/4635/files/3D-FRONT-Stormbreaker.png?v=1746438902,Alex Rider: Stormbreaker
BK-74541-KLLP,https://cdn.shopify.com/s/files/1/0531/2872/4635/files/3D-FRONT-Five-Realms-Podkin.png?v=1747924808,The Five Realms: The Legend of Podkin One-Ear
BK-74558-KLDH,https://cdn.shopify.com/s/files/1/0531/2872/4635/files/3D-FRONT-Five-Realms-Dark-Hollow.png?v=1747924808,The Five Realms: The Gift of Dark Hollow
BK-74565-KLBG,https://cdn.shopify.com/s/files/1/0531/2872/4635/files/3D-FRONT-Five-Realms-Grimheart.png?v=1747924808,The Five Realms: The Beasts of Grimheart
BK-74572-JNWC,https://cdn.shopify.com/s/files/1/0531/2872/4635/files/3D-FRONT-worst-class.png?v=1752573744,The Worst Class in the World
BK-74596-JNGW,https://cdn.shopify.com/s/files/1/0531/2872/4635/files/3D-FRONT-worst-class-gets-worse.png?v=1752573744,The Worst Class in the World Gets Worse
BK-74602-NBSP,https://cdn.shopify.com/s/files/1/0531/2872/4635/files/3D-FRONT-Six-Tales-Percy.png?v=1751289565,Six Tales From Percy’s Park
BK-74619-NBPF,https://cdn.shopify.com/s/files/1/0531/2872/4635/files/3D-FRONT-Percy.png?v=1751289581,Percy’s Favourite Tales
BK-74626-EHWS,https://cdn.shopify.com/s/files/1/0531/2872/4635/files/3D-FRONT-where_s-spot.png?v=1756133168,Where's Spot? and Other Stories
BK-74633-WSSC,https://cdn.shopify.com/s/files/1/0531/2872/4635/files/3D-FRONT-Shakespeare-comedies.png?v=1757340614,Shakespeare's Tales Retold - The Comedies
BK-74640-WSST,https://cdn.shopify.com/s/files/1/0531/2872/4635/files/3D-FRONT-Shakespeare-tragedies.png?v=1757340616,Shakespeare's Tales Retold - The Tragedies
BK-74657-WSSL,https://cdn.shopify.com/s/files/1/0531/2872/4635/files/3D-FRONT-Shakespeare-Love_Magic.png?v=1757340737,Shakespeare's Tales Retold - Love & Magic
BK-74664-TBFF,https://cdn.shopify.com/s/files/1/0531/2872/4635/files/3D-FRONT-scottish-folk-fairy-tale.png?v=1760607725,A Treasury of Scottish Folk and Fairy Tales
BK-74671-TBCL,https://cdn.shopify.com/s/files/1/0531/2872/4635/files/3D-FRONT-scottish-castle-legends.png?v=1760607725,A Treasury of Scottish Castle Legends
BK-74688-TBMC,https://cdn.shopify.com/s/files/1/0531/2872/4635/files/3D-FRONT-scottish-mythical-creatures.png?v=1760607724,A Treasury of Scottish Mythical Creatures
BK-74695-JNPE,https://cdn.shopify.com/s/files/1/0531/2872/4635/files/3D-FRONT-persuasion.png?v=1756204121,Persuasion
BK-74701-SHRM,https://cdn.shopify.com/s/files/1/0531/2872/4635/files/3D-FRONT-Romeo-and-Juliet.png?v=1769160629,Romeo and Juliet
BK-74718-JNSS,https://cdn.shopify.com/s/files/1/0531/2872/4635/files/3D-FRONT-sense-sensibility.png?v=1756203533,Sense and Sensibility
BK-74725-FDBK,https://cdn.shopify.com/s/files/1/0531/2872/4635/files/3D-FRONT-Brothers-Karamazov.png?v=1769159105,The Brothers Karamazov
BK-74732-EGDF,https://cdn.shopify.com/s/files/1/0531/2872/4635/files/3D-FRONT-roman-empire.png?v=1769159666,Decline and Fall of the Roman Empire Vol.1
BK-74749-VHLM,https://cdn.shopify.com/s/files/1/0531/2872/4635/files/3D-FRONT-coming-soon-generic.png?v=1752157037,Les Miserables Part 1
BK-74756-JNMP,https://cdn.shopify.com/s/files/1/0531/2872/4635/files/3D-FRONT-mansfield-park.png?v=1756203384,Mansfield Park
BK-74763-MAMM,https://cdn.shopify.com/s/files/1/0531/2872/4635/files/3D-FRONT-Meditations.png?v=1769160164,Meditations of Marcus Aurelius
BK-74770-GEMI,https://cdn.shopify.com/s/files/1/0531/2872/4635/files/3D-FRONT-Middlemarch.png?v=1769160576,Middlemarch
BK-74787-CDOS,https://cdn.shopify.com/s/files/1/0531/2872/4635/files/3D-FRONT-origins-of-species.png?v=1756203420,On the Origin of Species
BK-74794-MBMM,https://cdn.shopify.com/s/files/1/0531/2872/4635/files/3D-FRONT-master-margarita.png?v=1756203611,The Master and Margarita
BK-74800-EUNR,https://cdn.shopify.com/s/files/1/0531/2872/4635/files/3D-FRONT-name-rose.png?v=1756203672,The Name of the Rose
BK-74817-JJUL,https://cdn.shopify.com/s/files/1/0531/2872/4635/files/3D-FRONT-Ulysses.png?v=1769165176,Ulysses
BK-74824-WTVF,https://cdn.shopify.com/s/files/1/0531/2872/4635/files/3D-FRONT-vanity-fair.png?v=1756203713,Vanity Fair
BK-74831-EBWH,https://cdn.shopify.com/s/files/1/0531/2872/4635/files/3D-FRONT-Wuthering-Heights.png?v=1769167434,Wuthering Heights
BK-74848-CDBH,https://cdn.shopify.com/s/files/1/0531/2872/4635/files/3D-FRONT-Bleak-House.png?v=1769091636,Bleak House
BK-74855-FDCP,https://cdn.shopify.com/s/files/1/0531/2872/4635/files/3D-FRONT-crime-punishment.png?v=1756203280,Crime and Punishment
BK-74862-CBJE,https://cdn.shopify.com/s/files/1/0531/2872/4635/files/3D-FRONT-jane-eyre.png?v=1756203330,Jane Eyre
BK-74879-DHLC,https://cdn.shopify.com/s/files/1/0531/2872/4635/files/3D-FRONT-Lady-Chatterleys-Lover.png?v=1769159799,Lady Chatterley’s Lover
BK-74886-LTAK,https://cdn.shopify.com/s/files/1/0531/2872/4635/files/3D-FRONT-anna-karenina.png?v=1756197135,Anna Karenina
BK-74930-AAWP,https://cdn.shopify.com/s/files/1/0531/2872/4635/files/3D-FRONT-winnie-the-pooh.png?v=1771929102,Winnie-the-Pooh
BK-74954-PAWT,https://cdn.shopify.com/s/files/1/0531/2872/4635/files/3D-FRONT-Wigglesbottom-vol1.png?v=1753790299,Wigglesbottom Primary Vol 1
BK-74961-PAWS,https://cdn.shopify.com/s/files/1/0531/2872/4635/files/3D-FRONT-Wigglesbottom-vol2.png?v=1753790299,Wigglesbottom Primary Vol 2
BK-74978-PAWD,https://cdn.shopify.com/s/files/1/0531/2872/4635/files/3D-FRONT-Wigglesbottom-vol3.png?v=1753790299,Wigglesbottom Primary Vol 3
BK-74985-JDHR,https://cdn.shopify.com/s/files/1/0531/2872/4635/files/3D-FRONT-The-Highway-Rat.png?v=1755006283,The Highway Rat
BK-74992-JDSW,https://cdn.shopify.com/s/files/1/0531/2872/4635/files/3D-FRONT-Superworm.png?v=1755006283,Superworm
BK-79009-JDTM,https://cdn.shopify.com/s/files/1/0531/2872/4635/files/3D-FRONT-Tabby-McTat.png?v=1755006283,Tabby McTat
BK-79016-JDSM,https://cdn.shopify.com/s/files/1/0531/2872/4635/files/3D-FRONT-Stick-man.png?v=1755006283,Stick Man
BK-79023-JDZO,https://cdn.shopify.com/s/files/1/0531/2872/4635/files/3D-FRONT-Zog.png?v=1755006283,Zog
BK-79030-RDDC,https://cdn.shopify.com/s/files/1/0531/2872/4635/files/3D-FRONT-Danny-champion.png?v=1758553466,Danny the Champion of the World
BK-79047-RDFM,https://cdn.shopify.com/s/files/1/0531/2872/4635/files/3D-FRONT-Fantastic-mr-fox.png?v=1758553466,Fantastic Mr Fox
BK-79054-RDCG,https://cdn.shopify.com/s/files/1/0531/2872/4635/files/3D-FRONT-Charlie-glass-elevator.png?v=1758553466,Charlie and the Great Glass Elevator
BK-79061-RDEC,https://cdn.shopify.com/s/files/1/0531/2872/4635/files/3D-FRONT-Enormous-crocodile.png?v=1758553466,The Enormous Crocodile
BK-79078-RRPL,https://cdn.shopify.com/s/files/1/0531/2872/4635/files/3D-FRONT-PJ-Lighting-Thief.png?v=1760435328,Percy Jackson and the Lightning Thief
BK-79085-RRPS,https://cdn.shopify.com/s/files/1/0531/2872/4635/files/3D-FRONT-PJ-Sea-of-monsters.png?v=1760435328,Percy Jackson and the Sea of Monsters
BK-79092-RRPT,https://cdn.shopify.com/s/files/1/0531/2872/4635/files/3D-FRONT-PJ-Titans-curse.png?v=1760435328,Percy Jackson and the Titan's Curse
BK-79108-DMEC,https://cdn.shopify.com/s/files/1/0531/2872/4635/files/3D-FRONT-Elmer.png?v=1758638611,The Elmer Collection
BK-79115-VHLT,https://cdn.shopify.com/s/files/1/0531/2872/4635/files/3D-FRONT-coming-soon-generic.png?v=1752157037,Les Miserables Part 2
BK-79122-AEED,https://cdn.shopify.com/s/files/1/0531/2872/4635/files/3D-FRONT-Ember-spark-dragon.png?v=1763397132,Ember Spark and the Thunder of Dragons
BK-79139-AEEP,https://cdn.shopify.com/s/files/1/0531/2872/4635/files/3D-FRONT-Ember-spark-phoenix.png?v=1763397132,Ember Spark and the Frost Phoenix
BK-79146-AEEU,https://cdn.shopify.com/s/files/1/0531/2872/4635/files/3D-FRONT-Ember-spark-unicorn.png?v=1763397132,Ember Spark and the Unicorn's Secret
BK-79160-ZEZE,https://cdn.shopify.com/s/files/1/0531/2872/4635/files/3D-FRONT-Zeepy.png?v=1770309753,Zeepy Sleep Podcast
BK-79177-YHSA,https://cdn.shopify.com/s/files/1/0531/2872/4635/files/3D-FRONT-row-your-boat.png?v=1779116586,Sing Along With Me!
BK-79184-PBWR,https://cdn.shopify.com/s/files/1/0531/2872/4635/files/3D-FRONT-The-Wild-Robot-Camera.png?v=1776758457,The Wild Robot
BK-79191-AAHP,https://cdn.shopify.com/s/files/1/0531/2872/4635/files/3D-FRONT-pooh-corner.png?v=1771931137,The House At Pooh Corner
BK-79207-AAWY,https://cdn.shopify.com/s/files/1/0531/2872/4635/files/3D-FRONT-when-we-were-young.png?v=1771931591,When We Were Very Young & Now We Are Six
BK-79214-RAWD,https://cdn.shopify.com/s/files/1/0531/2872/4635/files/3D-FRONT-watership-down.png?v=1773244933,Watership Down
BK-79221-SSCC,https://cdn.shopify.com/s/files/1/0531/2872/4635/files/3D-FRONT-clockwork-conspiracy.png?v=1783606952,The Clockwork Conspiracy
BK-79238-DJHC,https://cdn.shopify.com/s/files/1/0531/2872/4635/files/3D-FRONT-howls-moving-castle.png?v=1786522756,Howl’s Moving Castle
BK-79245-JMLR,https://cdn.shopify.com/s/files/1/0531/2872/4635/files/3D-FRONT-coming-soon-generic.png?v=1752157037,The Land of Roar
BK-79252-AFSU,https://cdn.shopify.com/s/files/1/0531/2872/4635/files/3D-FRONT-Skandar-Camera.png?v=1781881109,Skandar and the Unicorn Thief
BK-79276-JDLH,https://cdn.shopify.com/s/files/1/0531/2872/4635/files/3D-FRONT-coming-soon-generic.png?v=1752157037,What the Ladybird Heard Adventures
BK-79283-KKEL,https://cdn.shopify.com/s/files/1/0531/2872/4635/files/3D-FRONT-coming-soon-generic.png?v=1752157037,The Extremely Embarrassing Life of Lottie Brooks
BK-79290-KKCF,https://cdn.shopify.com/s/files/1/0531/2872/4635/files/3D-FRONT-coming-soon-generic.png?v=1752157037,The Catastrophic Friendship Fails of Lottie Brooks
BK-79306-KKML,https://cdn.shopify.com/s/files/1/0531/2872/4635/files/3D-FRONT-coming-soon-generic.png?v=1752157037,The Mega-Complicated Crushes of Lottie Brooks
BK-82001-JNPP,https://cdn.shopify.com/s/files/1/0531/2872/4635/files/3D-FRONT-Pride-Prejudice.png?v=1759159402,Pride and Prejudice
BK-82018-LALW,https://cdn.shopify.com/s/files/1/0531/2872/4635/products/3D-FRONT-Little-Women.png?v=1678724315,Little Women
BK-82025-JILM,https://cdn.shopify.com/s/files/1/0531/2872/4635/products/3D-FRONT-Life-and-Works.png?v=1678724297,Life & Works – Wolfgang Amadeus Mozart
BK-82032-HMMD,https://cdn.shopify.com/s/files/1/0531/2872/4635/files/3D-FRONT-moby-dick-v2.png?v=1756203786,Moby-Dick
BK-82056-JKTM,https://cdn.shopify.com/s/files/1/0531/2872/4635/products/3D-FRONT-Three-men-in-a-boat.png?v=1678724497,Three Men in a Boat
BK-82063-WSRR,https://cdn.shopify.com/s/files/1/0531/2872/4635/products/3D-FRONT-Rob-Roy.png?v=1678724396,Rob Roy
BK-82070-SFGG,https://cdn.shopify.com/s/files/1/0531/2872/4635/products/3D-FRONT-The-great-gatsby.png?v=1678724444,The Great Gatsby
BK-82087-JVAW,https://cdn.shopify.com/s/files/1/0531/2872/4635/products/3D-FRONT-Around-the-world.png?v=1678724218,Around the World in Eighty Days
BK-82094-JNEM,https://cdn.shopify.com/s/files/1/0531/2872/4635/products/3D-FRONT-Emma.png?v=1678724240,Emma
BK-82100-ADMC,https://cdn.shopify.com/s/files/1/0531/2872/4635/files/3D-FRONT-monte-cristo.png?v=1756204039,The Count of Monte Cristo
BK-82117-TKSL,https://cdn.shopify.com/s/files/1/0531/2872/4635/products/3D-FRONT-Swan-Lake.png?v=1677153563,Swan Lake
BK-82155-TKTA,https://cdn.shopify.com/s/files/1/0531/2872/4635/products/3D-FRONT-Tchaikovsky.png?v=1677153535,My First Tchaikovsky Album
BK-82162-MZMA,https://cdn.shopify.com/s/files/1/0531/2872/4635/products/3D-FRONT-Mozart.png?v=1677153503,My First Mozart Album
BK-82179-BHBA,https://cdn.shopify.com/s/files/1/0531/2872/4635/products/3D-FRONT-The-Beethoven.png?v=1677153472,My First Beethoven Album
BK-82186-DATV,https://cdn.shopify.com/s/files/1/0531/2872/4635/files/3D-FRONT-Vikings.png?v=1683727884,The Vikings
BK-82193-DAGP,https://cdn.shopify.com/s/files/1/0531/2872/4635/files/3D-FRONT-Ancient-Egypt.png?v=1683727634,Ancient Egypt – The Glory of the Pharaohs
BK-82209-RNPI,https://cdn.shopify.com/s/files/1/0531/2872/4635/files/3D-FRONT-Pirates.png?v=1683727728,Pirates!
BK-82216-JGPS,https://cdn.shopify.com/s/files/1/0531/2872/4635/files/3D-FRONT-The-planets-and-the-solar-system.png?v=1683727866,The Planets and The Solar System
BK-82223-JGDI,https://cdn.shopify.com/s/files/1/0531/2872/4635/files/3D-FRONT-Dinsoaurs.png?v=1683727657,Dinosaurs
BK-82247-DAGI,https://cdn.shopify.com/s/files/1/0531/2872/4635/files/3D-FRONT-Great-Inventors-and-their-inventions.png?v=1683727680,Great Inventors and their Inventions
BK-82254-NSGR,https://cdn.shopify.com/s/files/1/0531/2872/4635/files/3D-FRONT-grimwood.png?v=1683727695,Grimwood
BK-82261-BMDM,https://cdn.shopify.com/s/files/1/0531/2872/4635/files/3D-FRONT-how-became-a-dog-called-midnight.png?v=1683727710,How I Became a Dog Called Midnight
BK-82278-BMWD,https://cdn.shopify.com/s/files/1/0531/2872/4635/files/3D-FRONT-the-boy-who-made-the-world-disappear.png?v=1683727766,The Boy Who Made the World Disappear
BK-82285-BMFF,https://cdn.shopify.com/s/files/1/0531/2872/4635/files/3D-FRONT-The-day-i-fell-into-a-fairy-tale.png?v=1683727849,The Day I Fell into a Fairytale
BK-82292-TTSG,https://cdn.shopify.com/s/files/1/0531/2872/4635/files/3D-FRONT-Shadowghast.png?v=1683727745,Shadowghast
BK-82308-TTGG,https://cdn.shopify.com/s/files/1/0531/2872/4635/files/3D-FRONT-Gargantis.png?v=1683727669,Gargantis
BK-82315-MEBO,https://cdn.shopify.com/s/files/1/0531/2872/4635/files/3D-FRONT-Beyond-the-Odyssey-CurrentView.png?v=1683727643,Beyond the Odyssey
BK-82322-MESQ,https://cdn.shopify.com/s/files/1/0531/2872/4635/files/3D-FRONT-Simply-the-quest.png?v=1683727756,Simply the Quest
BK-82339-MEAG,https://cdn.shopify.com/s/files/1/0531/2872/4635/files/3D-FRONT-Against-all-gods.png?v=1683727624,Against All Gods
BK-82346-MBFY,https://cdn.shopify.com/s/files/1/0531/2872/4635/files/3D-front-fairytales-for-you.png?v=1687942643,Fairy Tales For You
BK-82353-MBAF,https://cdn.shopify.com/s/files/1/0531/2872/4635/files/3D-front-aesops-fables-reimagined.png?v=1687942413,Aesop's Fables Reimagined
BK-82377-GHRB,https://cdn.shopify.com/s/files/1/0531/2872/4635/files/3D-front-relax-at-the-beach.png?v=1687942920,Relax At The Beach + The Enchanted Garden + The Magic Butterfly
BK-82384-GHMT,https://cdn.shopify.com/s/files/1/0531/2872/4635/files/3D-front-the-magic-treehouse.png?v=1687943051,The Magic Treehouse + The Tropical Island + The Space Adventure
BK-82407-PMTT,https://cdn.shopify.com/s/files/1/0531/2872/4635/files/3D-front-tombful-of-trouble.png?v=1687943108,Tombful of Trouble
BK-82414-ACHB,https://cdn.shopify.com/s/files/1/0531/2872/4635/files/3D-front-sherlock-holmes-the-hound-of-baskerville.png?v=1687942947,The Hound of the Baskervilles
BK-82421-ACSS,https://cdn.shopify.com/s/files/1/0531/2872/4635/files/3D-front-sherlock-holmes-a-study-in-scarlett.png?v=1687942540,A Study in Scarlet
BK-82438-ACSF,https://cdn.shopify.com/s/files/1/0531/2872/4635/files/3D-front-sherlock-holmes-sign-of-the-four.png?v=1687943030,The Sign of the Four
BK-82445-MSKN,https://cdn.shopify.com/s/files/1/0531/2872/4635/files/3D-front-the-king-of-nowhere.png?v=1687942957,The King of Nowhere
BK-82452-MSEI,https://cdn.shopify.com/s/files/1/0531/2872/4635/files/3D-front-the-end-of-infinity.png?v=1687942933,The End of Infinity
BK-82469-AXAC,https://cdn.shopify.com/s/files/1/0531/2872/4635/files/3D-front-akimbo-and-the-crocodile.png?v=1687942523,Akimbo and the Crocodile Man
BK-82476-AXAS,https://cdn.shopify.com/s/files/1/0531/2872/4635/files/3D-front-akimbo-and-the-snakes.png?v=1687942576,Akimbo and the Snakes
BK-82483-AXAL,https://cdn.shopify.com/s/files/1/0531/2872/4635/files/3D-front-akimbo-and-the-lions.png?v=1687942565,Akimbo and the Lions
BK-82490-AXAE,https://cdn.shopify.com/s/files/1/0531/2872/4635/files/3D-front-akimbo-and-the-elephants.png?v=1687942554,Akimbo and the Elephants
BK-82506-AHPB,https://cdn.shopify.com/s/files/1/0531/2872/4635/files/3D-front-alex-point-blanc.png?v=1746438902,Alex Rider : Point Blanc
BK-82513-AHSK,https://cdn.shopify.com/s/files/1/0531/2872/4635/files/3D-front-alex-rider-skeleton-key.png?v=1746438902,Alex Rider : Skeleton Key
BK-82520-GCKR,https://cdn.shopify.com/s/files/1/0531/2872/4635/files/3D-front-kid-normal-rogue-heroes.png?v=1687942691,Kid Normal and the Rogue Heroes
BK-82537-GCKS,https://cdn.shopify.com/s/files/1/0531/2872/4635/files/3D-front-kid-normal-shadow-machine.png?v=1687942702,Kid Normal and the Shadow Machine
BK-82544-IWHS,https://cdn.shopify.com/s/files/1/0531/2872/4635/files/3D-front-harry-and-the-dinosaurs-snow.png?v=1687942678,Harry and the Dinosaurs: The Snow Smashers!
BK-82551-IWHF,https://cdn.shopify.com/s/files/1/0531/2872/4635/files/3D-front-harry-and-the-dinosaurs-flying.png?v=1687942669,Harry and the Dinosaurs: The Flying Save!
BK-82568-IWHM,https://cdn.shopify.com/s/files/1/0531/2872/4635/files/3D-front-harry-and-the-dinosaurs-monster.png?v=1687942659,Harry and the Dinosaurs: A Monster Surprise!
BK-82575-KBGM,https://cdn.shopify.com/s/files/1/0531/2872/4635/files/3D-front-girl-who-drank-the-moon.png?v=1687942981,The Girl Who Drank the Moon
BK-82582-PGTI,https://cdn.shopify.com/s/files/1/0531/2872/4635/files/3D-front-the-train-to-impossible-places.png?v=1687943085,The Train to Impossible Places
BK-82599-LSDY,https://cdn.shopify.com/s/files/1/0531/2872/4635/files/3D-FRONT-DOYOUKNOWME.png?v=1699013097,Do You Know Me?
BK-82605-ABEW,https://cdn.shopify.com/s/files/1/0531/2872/4635/files/3D-front-exploreres-of-witch-mountain.png?v=1687942632,Explorers on Witch Mountain
BK-82612-ABEB,https://cdn.shopify.com/s/files/1/0531/2872/4635/files/3D-front-exploreres-on-black-ice-bridge.png?v=1687942621,Explorers on Black Ice Bridge
BK-82629-LSWT,https://cdn.shopify.com/s/files/1/0531/2872/4635/files/3D-FRONT-WAYSTOBEME.png?v=1699013208,Ways to be me
BK-82636-JSSB,https://cdn.shopify.com/s/files/1/0531/2872/4635/files/3D-FRONT-UNICORN-ACADEMY-SCARLETT-CurrentView.png?v=1700237849,Unicorn Academy: Scarlett and Blaze
BK-82643-JSAS,https://cdn.shopify.com/s/files/1/0531/2872/4635/files/3D-FRONT-Unicorn-Academy-Eva-and-Star-CurrentView.png?v=1700068056,Unicorn Academy: Ava and Star
BK-82650-JSIC,https://cdn.shopify.com/s/files/1/0531/2872/4635/files/3D-FRONT-UNICORN-ACADEMY-ISABEL-CurrentView.png?v=1700237629,Unicorn Academy: Isabel and Cloud
BK-82667-JSLD,https://cdn.shopify.com/s/files/1/0531/2872/4635/files/3D-FRONT-Unicorn-Academy-Layla-and-Dancer-CurrentView.png?v=1700068108,Unicorn Academy: Layla and Dancer
BK-82674-JSOS,https://cdn.shopify.com/s/files/1/0531/2872/4635/files/3D-FRONT-UNICORN-ACADEMY-OLIVIA-CurrentView.png?v=1700237827,Unicorn Academy: Olivia and Snowflake
BK-82681-ASDD,https://cdn.shopify.com/s/files/1/0531/2872/4635/files/3D-FRONT-THE-BOY-DREAMED-CurrentView.png?v=1700238026,The Boy Who Dreamed of Dragons
BK-82698-ASSD,https://cdn.shopify.com/s/files/1/0531/2872/4635/files/3D-FRONT-THE-BOY-SANG-CurrentView.png?v=1700238181,The Boy Who Sang with Dragons
BK-82704-ASUG,https://cdn.shopify.com/s/files/1/0531/2872/4635/files/3D-FRONT-THE-BOY-WHO-GUIDE-CurrentView.png?v=1700238214,The Ultimate Guide to Growing Dragons
BK-82711-NJLB,https://cdn.shopify.com/s/files/1/0531/2872/4635/files/3D-FRONT-LittleBookBigIdeas.png?v=1702643607,Little Book Big Idea
BK-82728-SPCC,https://cdn.shopify.com/s/files/1/0531/2872/4635/files/3D-FRONT-The-Crocodile-Curse.png?v=1702553893,The Crocodile Curse
BK-82735-SPHS,https://cdn.shopify.com/s/files/1/0531/2872/4635/files/3D-FRONT-The-Heart-Scarab.png?v=1708427149,The Heart Scarab
BK-82742-SPSE,https://cdn.shopify.com/s/files/1/0531/2872/4635/files/3D-FRONT-TheSerpent_sEclipse.png?v=1710761830,The Serpent's Eclipse
BK-82759-SPJG,https://cdn.shopify.com/s/files/1/0531/2872/4635/files/3D-FRONT-TheJackal_sGraveyard.png?v=1710761753,The Jackal's Graveyard
BK-82766-PABA,https://cdn.shopify.com/s/files/1/0531/2872/4635/files/3D-FRONT-Baby-Aliens-Got-my-Teacher-CurrentView.png?v=1699355978,Baby Aliens Got My Teacher
BK-82773-PASW,https://cdn.shopify.com/s/files/1/0531/2872/4635/files/3D-FRONT-The-Spy-Who-Loved-School-Dinners-CurrentView.png?v=1699356152,The Spy Who Loved School Dinners
BK-82780-PAMH,https://cdn.shopify.com/s/files/1/0531/2872/4635/files/3D-FRONT-My-Headteacher-is-a-Vampire-Rat-CurrentView.png?v=1699356009,My Headteacher is a Vampire Rat
BK-82797-PAAD,https://cdn.shopify.com/s/files/1/0531/2872/4635/files/3D-FRONT-Attack-of-the-Demon-Dinner-Ladies-CurrentView.png?v=1699355818,Attack of the Demon Dinner Ladies
BK-82803-EBTI,https://cdn.shopify.com/s/files/1/0531/2872/4635/files/3D-FRONT-Famous-Five-Treasure-Island-CurrentView_f4d90b44-5368-4e05-843e-62cbc8362bb7.png?v=1708426854,Famous Five: Five On A Treasure Island
BK-82810-EBGA,https://cdn.shopify.com/s/files/1/0531/2872/4635/files/3D-FRONT-Famous-Five-Go-Adventuring-Again-FRONT-CurrentView.png?v=1708426684,Famous Five: Five Go Adventuring Again
BK-82827-EBRA,https://cdn.shopify.com/s/files/1/0531/2872/4635/files/3D-FRONT-Famous-Five-Run-Away-Together-CurrentView_9fde4a2b-e15e-448f-9c2f-8c0ea61a5321.png?v=1708427059,Famous Five: Five Run Away Together
BK-82834-AELP,https://cdn.shopify.com/s/files/1/0531/2872/4635/files/3D-FRONT-The-Little-Prince-CurrentView.png?v=1700065404,The Little Prince
BK-82841-TJFF,https://cdn.shopify.com/s/files/1/0531/2872/4635/files/3D-FRONT-Finn-Family-Moomintroll-CurrentView.png?v=1700067824,Finn Family Moomintroll
BK-82858-RDMA,https://cdn.shopify.com/s/files/1/0531/2872/4635/files/3D-FRONT-Matilda.png?v=1710761684,Matilda
BK-82865-RDCF,https://cdn.shopify.com/s/files/1/0531/2872/4635/files/3D-FRONT-CharlieandtheChocolateFactory.png?v=1710761619,Charlie and the Chocolate Factory
BK-82872-RDBF,https://cdn.shopify.com/s/files/1/0531/2872/4635/files/3D-FRONT-TheBFG.png?v=1710761727,The BFG
BK-82889-RDTT,https://cdn.shopify.com/s/files/1/0531/2872/4635/files/3D-FRONT-TheTwits.png?v=1710761876,The Twits
BK-82896-RDJG,https://cdn.shopify.com/s/files/1/0531/2872/4635/files/3D-FRONT-James-and-the-Giant-Peach-CurrentView.png?v=1700067884,James and the Giant Peach
BK-82902-RDGM,https://cdn.shopify.com/s/files/1/0531/2872/4635/files/3D-FRONT-George_s-Marvellous-Medicine-CurrentView.png?v=1700067854,George's Marvellous Medicine
BK-82919-JDTG,https://cdn.shopify.com/s/files/1/0531/2872/4635/files/3D-FRONT-TheGruffalo.png?v=1702556654,The Gruffalo
BK-82926-JDGC,https://cdn.shopify.com/s/files/1/0531/2872/4635/files/3D-FRONT-TheGruffaloChild.png?v=1702561018,The Gruffalo's Child
BK-82933-JDRB,https://cdn.shopify.com/s/files/1/0531/2872/4635/files/3D-FRONT-RoomontheBroom.png?v=1702561776,Room on the Broom
BK-82940-JDSG,https://cdn.shopify.com/s/files/1/0531/2872/4635/files/3D-FRONT-TheSmartestGiant.png?v=1702562311,The Smartest Giant in Town
BK-82957-JDGG,https://cdn.shopify.com/s/files/1/0531/2872/4635/files/3D-FRONT-Ghastly-Galleon.png?v=1720720908,The Jolley-Rogers and the Ghostly Galleon
BK-82964-JDCD,https://cdn.shopify.com/s/files/1/0531/2872/4635/files/3D-FRONT-Cave-of-Doom.png?v=1720720878,The Jolley-Rogers and the Cave of Doom
BK-82971-JDMG,https://cdn.shopify.com/s/files/1/0531/2872/4635/files/3D-FRONT-Monster_s-Gold.png?v=1720720907,The Jolley-Rogers and the Monster's Gold
BK-82988-JDPP,https://cdn.shopify.com/s/files/1/0531/2872/4635/files/3D-FRONT-Pirate-Piper.png?v=1720720908,The Jolley-Rogers and the Pirate Piper
BK-82995-RDTW,https://cdn.shopify.com/s/files/1/0531/2872/4635/files/3D-FRONT-The-Witches-CurrentView.png?v=1700067976,The Witches
BK-93602-JCZA,https://cdn.shopify.com/s/files/1/0531/2872/4635/products/Zombierella-audiobook-front.png?v=1664982234,Zombierella
BK-93619-JCFN,https://cdn.shopify.com/s/files/1/0531/2872/4635/products/Frankenstiltskin-audiobook-front.png?v=1664982620,Frankenstiltskin
BK-93626-CDCC,https://cdn.shopify.com/s/files/1/0531/2872/4635/products/AChristmasCarol-3D-front.png?v=1668176874,A Christmas Carol
BK-93633-ABPB,https://cdn.shopify.com/s/files/1/0531/2872/4635/products/ThePolarBearExplorersClub-3D-front.png?v=1668176940,The Polar Bear Explorers Club
BK-93640-SMRF,https://cdn.shopify.com/s/files/1/0531/2872/4635/products/TheRealFamilyChristmas-3D-front.png?v=1668176904,The Real Family Christmas
BK-93657-BPBB,https://cdn.shopify.com/s/files/1/0531/2872/4635/products/ThetaleofBenjaminBunny-3D-front.png?v=1668176925,The Tale of Benjamin Bunny and Other Stories
BK-93664-BPPR,https://cdn.shopify.com/s/files/1/0531/2872/4635/products/TheTaleofPeterRabbit-3D-front.png?v=1668176975,The Tale of Peter Rabbit and Other Stories
BK-93671-BPTW,https://cdn.shopify.com/s/files/1/0531/2872/4635/products/3D-FRONT-tale-of-mrs-tiggy-winkle--CurrentView.png?v=1680595109,The Tale of Mrs Tiggy Winkle and Other Stories
BK-93688-EBCT,https://cdn.shopify.com/s/files/1/0531/2872/4635/products/ChrsitmasTales-3D-front.png?v=1668179668,Christmas Tales
BK-93695-MBBP,https://cdn.shopify.com/s/files/1/0531/2872/4635/products/AbearCalledPaddington-3D-front.png?v=1668179835,A Bear Called Paddington
